Subject,Wrist,Accuracy,F1,TP,TN,FP,FN
test1_Tanya,Right,0.926269201477202,0.907667668388188,25220,39240,1280,3851
test1_Tanya,Left,0.935178399505683,0.918295267247469,25350,39730,800,3711
test3_Tanya,Right,0.931201711198392,0.921005271961212,21750,28750,400,3331
test3_Tanya,Left,0.897088381184194,0.877289417558981,19950,28700,450,5131
test4_Hendrik,Right,0.787534079157657,0.733490566037736,9330,15801,3320,3460
test4_Hendrik,Left,0.905048415906741,0.882785299806576,11410,17471,1640,1390
Free_Hendrik,Right,0.97560061387441,0,0,413841,10350,0
Free_Hendrik,Left,0.992338357013704,0,0,420941,3250,0
Free_Tanya,Right,0.992009155225014,0,0,347601,2800,0
Free_Tanya,Left,0.993150704478583,0,0,348001,2400,0
Stairs_pockets_Hendrik,Right,0.831946755407654,0.908265213442325,5500,0,0,1111
Stairs_pockets_Hendrik,Left,0.824383603085766,0.903739325097421,5450,0,0,1161
Stairs_pockets_Tanya,Right,0.939388988727332,0.968747367534327,5750,0,0,371
Stairs_pockets_Tanya,Left,0.947557588629309,0.97307272879792,5800,0,0,321
Stairs_railL_Hendrik,Right,0.897080411025934,0.945748430917376,5500,0,0,631
Stairs_railL_Hendrik,Left,0.782906540531724,0.878236208947031,4800,0,0,1331
Stairs_railL_Tanya,Right,0.919226663503736,0.957913602373154,7750,0,0,681
Stairs_railL_Tanya,Left,0.403273633020994,0.574761220522357,3400,0,0,5031
Stairs_railR_Hendrik,Right,0.717552436524208,0.83555229088238,4550,0,0,1791
Stairs_railR_Hendrik,Left,0.961993376439047,0.980628566835463,6100,0,0,241
Stairs_railR_Tanya,Right,0.589278925358003,0.741567658081493,4650,0,0,3241
Stairs_railR_Tanya,Left,0.880750221771639,0.936594569099117,6950,0,0,941
Vacuuming_Tanya,Right,0.635168002882623,0,0,7051,4050,0
Vacuuming_Tanya,Left,0.968471308891091,0,0,10751,350,0
Walking_armfixedL_Hendrik,Right,0.99009900990099,0.995024875621891,7100,0,0,71
Walking_armfixedL_Hendrik,Left,0.969181425184772,0.984349550315133,6950,0,0,221
Walking_armfixedL_Tanya,Right,0.915914005851673,0.956111811964677,7200,0,0,661
Walking_armfixedL_Tanya,Left,0.954077089428826,0.976498925851182,7500,0,0,361
Walking_armfixedR_Hendrik,Right,0.929585712194408,0.96350807981185,6350,0,0,481
Walking_armfixedR_Hendrik,Left,0.988142292490119,0.99403578528827,6750,0,0,81
Walking_armfixedR_Tanya,Right,0.745900628775737,0.854459430831156,6050,0,0,2061
Walking_armfixedR_Tanya,Left,0.992479349032178,0.996225481096467,8050,0,0,61
Walking_caneL_Hendrik,Right,0.12709710218607,0.2255299954894,750,0,0,5151
Walking_caneL_Hendrik,Left,0.533807829181495,0.696055684454756,3150,0,0,2751
Walking_caneL_Tanya,Right,0.0346560388147635,0.0669904538603249,200,0,0,5571
Walking_caneL_Tanya,Left,0.181944203777508,0.307872745931682,1050,0,0,4721
Walking_caneR_Hendrik,Right,0.351249795785002,0.519888767984524,2150,0,0,3971
Walking_caneR_Hendrik,Left,0.0490115994118608,0.0934433888802367,300,0,0,5821
Walking_caneR_Tanya,Right,0.0374461711290021,0.072189135535102,200,0,0,5141
Walking_caneR_Tanya,Left,0.00936154278225051,0.0185494342422556,50,0,0,5291
Walking_crutches_Hendrik,Right,0.525689347351716,0.689117149915486,2650,0,0,2391
Walking_crutches_Hendrik,Left,0.664550684388018,0.798474556071982,3350,0,0,1691
Walking_crutches_Tanya,Right,0.0472500472500473,0.0902364194188775,250,0,0,5041
Walking_crutches_Tanya,Left,0.17955017955018,0.304438391283448,950,0,0,4341
Walking_limpL_Hendrik,Right,0.989887480415895,0.994918044520793,6950,0,0,71
Walking_limpL_Hendrik,Left,0.94715852442672,0.972862263184844,6650,0,0,371
Walking_limpL_Tanya,Right,0.77649026400669,0.874184654697061,6500,0,0,1871
Walking_limpL_Tanya,Left,0.651057221359455,0.788654945372983,5450,0,0,2921
Walking_limpR_Hendrik,Right,0.869141983034349,0.929990328100588,6250,0,0,941
Walking_limpR_Hendrik,Left,0.952579613405646,0.97571398048572,6850,0,0,341
Walking_limpR_Tanya,Right,0.895221283570798,0.944714257201783,7100,0,0,831
Walking_limpR_Tanya,Left,0.895221283570798,0.944714257201783,7100,0,0,831
Walking_phoneB_Hendrik,Right,0.378724120518431,0.549383469661824,2250,0,0,3691
Walking_phoneB_Hendrik,Left,0.6732873253661,0.804748013278342,4000,0,0,1941
Walking_phoneB_Tanya,Right,0.918948722661275,0.957762666411263,5000,0,0,441
Walking_phoneB_Tanya,Left,0.90056974820805,0.947683976404603,4900,0,0,541
Walking_phoneL_Hendrik,Right,0.733974881748491,0.846580754397517,4500,0,0,1631
Walking_phoneL_Hendrik,Left,0.888925134562062,0.941196787842155,5450,0,0,681
Walking_phoneL_Tanya,Right,0.908932004894249,0.952293745993957,5200,0,0,521
Walking_phoneL_Tanya,Left,0.882712812445377,0.937703091634946,5050,0,0,671
Walking_phoneR_Hendrik,Right,0,0,0,0,0,6641
Walking_phoneR_Hendrik,Left,0.805601566029213,0.892335918605621,5350,0,0,1291
Walking_phoneR_Tanya,Right,0.78031212484994,0.876601483479434,4550,0,0,1281
Walking_phoneR_Tanya,Left,0.240096038415366,0.387221684414327,1400,0,0,4431
Walking_pockets_Hendrik,Right,0.970226633091394,0.984888354259078,6550,0,0,201
Walking_pockets_Hendrik,Left,0.970226633091394,0.984888354259078,6550,0,0,201
Walking_pockets_Tanya,Right,0.989030749865132,0.994485127926951,5500,0,0,61
Walking_pockets_Tanya,Left,0.989030749865132,0.994485127926951,5500,0,0,61
Walking_walker_Hendrik,Right,0.00902364194188775,0.0178858880343409,50,0,0,5491
Walking_walker_Hendrik,Left,0.00902364194188775,0.0178858880343409,50,0,0,5491
Walking_walker_Tanya,Right,0.0176335743255158,0.0346560388147635,100,0,0,5571
Walking_walker_Tanya,Left,0.0529007229765473,0.100485680790487,300,0,0,5371
Laptop_Hendrik,Right,1,0,0,6771,0,0
Laptop_Hendrik,Left,1,0,0,6771,0,0
Laptop_tanya,Right,0.989024256393371,0,0,9011,100,0
Laptop_tanya,Left,0.994512128196685,0,0,9061,50,0
Stairs_Hendrik,Right,0.9882284551664,0.994079380162269,6800,0,0,81
Stairs_Hendrik,Left,0.944630140967883,0.971526791719602,6500,0,0,381
Stairs_tanya,Right,0.725294650951949,0.840777719390436,5600,0,0,2121
Stairs_tanya,Left,0.699391270560808,0.823107994817468,5400,0,0,2321
Standing_Hendrik,Right,0.962411667418433,0,0,6401,250,0
Standing_Hendrik,Left,0.95489400090212,0,0,6351,300,0
Standing_tanya,Right,1,0,0,5381,0,0
Standing_tanya,Left,1,0,0,5381,0,0
Walking_Hendrik,Right,0.763712103679704,0.866028080304422,3300,0,0,1021
Walking_Hendrik,Left,0.694283730617912,0.819560169375768,3000,0,0,1321
Walking_Tanya,Right,0.914580003551767,0.955384472683425,5150,0,0,481
Walking_Tanya,Left,0.985615343633458,0.992755567480547,5550,0,0,81
