ID,Subject,Wrist,Accuracy,Precision,Recall,F1,Steps,TP,TN,FP,FN
NLS035_FreeWalk_right,NLS035_FreeWalk,right,0.184970414201183,1,0,0,1,0,3126,0,13774
NLS035_FreeWalk_left,NLS035_FreeWalk,left,0.184970414201183,1,0,0,1,0,3126,0,13774
NLS101_FreeWalk_right,NLS101_FreeWalk,right,0.364814814814815,1,0,0,1,0,7880,0,13720
NLS101_FreeWalk_left,NLS101_FreeWalk,left,0.364814814814815,1,0,0,1,0,7880,0,13720
NLS187_FreeWalk_right,NLS187_FreeWalk,right,0.224434389140272,1,0,0,1,0,4960,0,17140
NLS187_FreeWalk_left,NLS187_FreeWalk,left,0.224434389140272,1,0,0,1,0,4960,0,17140
NLS188_FreeWalk_right,NLS188_FreeWalk,right,0.216031746031746,1,0,0,1,0,4083,0,14817
NLS188_FreeWalk_left,NLS188_FreeWalk,left,0.216031746031746,1,0,0,1,0,4083,0,14817
NLS189_FreeWalk_right,NLS189_FreeWalk,right,0.276238095238095,1,0,0,1,0,5801,0,15199
NLS189_FreeWalk_left,NLS189_FreeWalk,left,0.276238095238095,1,0,0,1,0,5801,0,15199
NLS190_FreeWalk_right,NLS190_FreeWalk,right,0.243428571428571,1,0,0,1,0,4260,0,13240
NLS190_FreeWalk_left,NLS190_FreeWalk,left,0.243428571428571,1,0,0,1,0,4260,0,13240
NLS191_FreeWalk_right,NLS191_FreeWalk,right,0.197073170731707,1,0,0,1,0,4040,0,16460
NLS191_FreeWalk_left,NLS191_FreeWalk,left,0.197073170731707,1,0,0,1,0,4040,0,16460
NLS192_FreeWalk_right,NLS192_FreeWalk,right,0.252065217391304,1,0,0,1,0,4638,0,13762
NLS192_FreeWalk_left,NLS192_FreeWalk,left,0.252065217391304,1,0,0,1,0,4638,0,13762
NLS194_FreeWalk_right,NLS194_FreeWalk,right,0.228924731182796,1,0,0,1,0,4258,0,14342
NLS194_FreeWalk_left,NLS194_FreeWalk,left,0.228924731182796,1,0,0,1,0,4258,0,14342
NLS195_FreeWalk_right,NLS195_FreeWalk,right,0.268700564971751,1,0,0,1,0,4756,0,12944
NLS195_FreeWalk_left,NLS195_FreeWalk,left,0.268700564971751,1,0,0,1,0,4756,0,12944
NLS196_FreeWalk_right,NLS196_FreeWalk,right,0.207851239669421,1,0,0,1,0,5030,0,19170
NLS196_FreeWalk_left,NLS196_FreeWalk,left,0.207851239669421,1,0,0,1,0,5030,0,19170
NLS197_FreeWalk_right,NLS197_FreeWalk,right,0.30952380952381,1,0,0,1,0,5200,0,11600
NLS197_FreeWalk_left,NLS197_FreeWalk,left,0.30952380952381,1,0,0,1,0,5200,0,11600
NLS198_FreeWalk_right,NLS198_FreeWalk,right,0.310883534136546,1,0,0,1,0,7741,0,17159
NLS198_FreeWalk_left,NLS198_FreeWalk,left,0.310883534136546,1,0,0,1,0,7741,0,17159
NLS209_FreeWalk_right,NLS209_FreeWalk,right,0.223208333333333,1,0,0,1,0,5357,0,18643
NLS209_FreeWalk_left,NLS209_FreeWalk,left,0.223208333333333,1,0,0,1,0,5357,0,18643
NLS210_FreeWalk_right,NLS210_FreeWalk,right,0.20625,1,0,0,1,0,4290,0,16510
NLS210_FreeWalk_left,NLS210_FreeWalk,left,0.20625,1,0,0,1,0,4290,0,16510
NLS211_FreeWalk_right,NLS211_FreeWalk,right,0.202639593908629,1,0,0,1,0,3992,0,15708
NLS211_FreeWalk_left,NLS211_FreeWalk,left,0.202639593908629,1,0,0,1,0,3992,0,15708
WPD011_FreeWalk_right,WPD011_FreeWalk,right,0.525606936416185,1,0,0,1,0,9093,0,8207
WPD011_FreeWalk_left,WPD011_FreeWalk,left,0.519714285714286,1,0,0,1,0,9095,0,8405
WPD012_FreeWalk_right,WPD012_FreeWalk,right,0.51845,1,0,0,1,0,10369,0,9631
WPD012_FreeWalk_left,WPD012_FreeWalk,left,0.541891891891892,1,0,0,1,0,10025,0,8475
WPD013_Freewalk_right,WPD013_Freewalk,right,0.379463087248322,1,0,0,1,0,5654,0,9246
WPD013_Freewalk_left,WPD013_Freewalk,left,0.379463087248322,1,0,0,1,0,5654,0,9246
WPD015_FreeWalk_right,WPD015_FreeWalk,right,0.452714285714286,1,0,0,1,0,6338,0,7662
WPD015_FreeWalk_left,WPD015_FreeWalk,left,0.452714285714286,1,0,0,1,0,6338,0,7662
WPD016_FreeWalk_right,WPD016_FreeWalk,right,0.658918918918919,1,0,0,1,0,14628,0,7572
WPD016_FreeWalk_left,WPD016_FreeWalk,left,0.658918918918919,1,0,0,1,0,14628,0,7572
WPD017_FreeWalk_right,WPD017_FreeWalk,right,0.395471698113208,1,0,0,1,0,6288,0,9612
WPD017_FreeWalk_left,WPD017_FreeWalk,left,0.395471698113208,1,0,0,1,0,6288,0,9612
WPD019_FreeWalk_right,WPD019_FreeWalk,right,0.486382978723404,1,0,0,1,0,9144,0,9656
WPD019_FreeWalk_left,WPD019_FreeWalk,left,0.486382978723404,1,0,0,1,0,9144,0,9656
WPD020_FreeWalk_right,WPD020_FreeWalk,right,0.561641025641026,1,0,0,1,0,10952,0,8548
WPD020_FreeWalk_left,WPD020_FreeWalk,left,0.561641025641026,1,0,0,1,0,10952,0,8548
WPD021_FreeWalk_right,WPD021_FreeWalk,right,0.674024390243902,1,0,0,1,0,11054,0,5346
WPD021_FreeWalk_left,WPD021_FreeWalk,left,0.674024390243902,1,0,0,1,0,11054,0,5346
WPD022_FreeWalk_right,WPD022_FreeWalk,right,0.47891156462585,1,0,0,1,0,7040,0,7660
WPD022_FreeWalk_left,WPD022_FreeWalk,left,0.47891156462585,1,0,0,1,0,7040,0,7660
WPD023_FreeWalk_right,WPD023_FreeWalk,right,0.511895734597156,1,0,0,1,0,10801,0,10299
WPD023_FreeWalk_left,WPD023_FreeWalk,left,0.511895734597156,1,0,0,1,0,10801,0,10299
WPD024_FreeWalk_right,WPD024_FreeWalk,right,0.599831223628692,1,0,0,1,0,14216,0,9484
WPD024_FreeWalk_left,WPD024_FreeWalk,left,0.599831223628692,1,0,0,1,0,14216,0,9484
WPD025_FreeWalk_right,WPD025_FreeWalk,right,0.289411764705882,1,0,0,1,0,6396,0,15704
WPD025_FreeWalk_left,WPD025_FreeWalk,left,0.289411764705882,1,0,0,1,0,6396,0,15704
WPD026_FreeWalk_right,WPD026_FreeWalk,right,0.510171428571429,1,0,0,1,0,8928,0,8572
WPD026_FreeWalk_left,WPD026_FreeWalk,left,0.510171428571429,1,0,0,1,0,8928,0,8572
WPD027_FreeWalk_right,WPD027_FreeWalk,right,0.486395348837209,1,0,0,1,0,8366,0,8834
WPD027_FreeWalk_left,WPD027_FreeWalk,left,0.486395348837209,1,0,0,1,0,8366,0,8834
WPD029_FreeWalk_right,WPD029_FreeWalk,right,0.3847,1,0,0,1,0,7694,0,12306
WPD029_FreeWalk_left,WPD029_FreeWalk,left,0.3847,1,0,0,1,0,7694,0,12306
